timestamp_unix,target,pid,container_cpu_percent,process_cpu_ticks,vmrss_bytes,vmhwm_bytes,effective_cpu_affinity,cgroup_memory_current_bytes,cgroup_memory_peak_bytes,cgroup_memory_limit_bytes,jvm_heap_available,jvm_heap_used_bytes,jvm_heap_committed_bytes,jvm_heap_max_bytes
1785695481.0006711,hazelcast,2452,0.0,7910,404926464,408735744,0-15,492511232,497512448,,False,,,
1785695482.0015244,hazelcast,2452,0.3684,7916,405213184,408735744,0-15,492953600,497512448,,False,,,
1785695483.0021937,hazelcast,2452,0.0967,7917,405213184,408735744,0-15,492957696,497512448,,False,,,
1785695484.0027921,hazelcast,2452,0.1519,7920,405213184,408735744,0-15,493158400,497512448,,False,,,
1785695485.0033672,hazelcast,2452,0.1032,7921,405213184,408735744,0-15,492904448,497512448,,False,,,
1785695486.0040834,hazelcast,2452,0.2401,7925,405213184,408735744,0-15,492924928,497512448,,False,,,
1785695487.0046706,hazelcast,2452,0.1146,7927,405213184,408735744,0-15,493211648,497512448,,False,,,
1785695488.005251,hazelcast,2452,0.2256,7930,405213184,408735744,0-15,492945408,497512448,,False,,,
1785695489.0058255,hazelcast,2452,0.176,7933,405213184,408735744,0-15,492945408,497512448,,False,,,
1785695490.0082555,hazelcast,2452,0.1968,7936,405360640,408735744,0-15,493191168,497512448,,False,,,
1785695491.0089743,hazelcast,2452,0.2121,7940,405217280,408735744,0-15,492953600,497512448,,False,,,
1785695492.0095618,hazelcast,2452,0.1358,7942,405217280,408735744,0-15,492994560,497512448,,False,,,
1785695493.0101237,hazelcast,2452,0.1341,7944,405217280,408735744,0-15,492949504,497512448,,False,,,
1785695494.0106373,hazelcast,2452,0.2392,7948,405217280,408735744,0-15,492953600,497512448,,False,,,
1785695495.0114157,hazelcast,2452,0.455,7955,405221376,408735744,0-15,492969984,497512448,,False,,,
1785695496.0120928,hazelcast,2452,0.2346,7960,405221376,408735744,0-15,492949504,497512448,,False,,,
1785695497.0126693,hazelcast,2452,0.1426,7962,405221376,408735744,0-15,492920832,497512448,,False,,,
1785695498.0132275,hazelcast,2452,0.1168,7963,405221376,408735744,0-15,492982272,497512448,,False,,,
1785695499.0138028,hazelcast,2452,0.1186,7965,405229568,408735744,0-15,492965888,497512448,,False,,,
1785695500.014463,hazelcast,2452,0.1551,7968,405229568,408735744,0-15,492969984,497512448,,False,,,
1785695501.0150108,hazelcast,2452,0.0978,7970,405229568,408735744,0-15,492957696,497512448,,False,,,
1785695502.0155866,hazelcast,2452,0.1141,7971,405229568,408735744,0-15,492945408,497512448,,False,,,
1785695503.0161555,hazelcast,2452,0.0994,7973,405229568,408735744,0-15,492957696,497512448,,False,,,
1785695504.0167077,hazelcast,2452,0.2922,7977,405229568,408735744,0-15,492957696,497512448,,False,,,
1785695505.0174043,hazelcast,2452,0.1424,7979,405229568,408735744,0-15,492957696,497512448,,False,,,
1785695506.0180118,hazelcast,2452,0.1158,7981,405229568,408735744,0-15,492957696,497512448,,False,,,
1785695507.0186176,hazelcast,2452,0.1223,7983,405229568,408735744,0-15,492949504,497512448,,False,,,
1785695508.0193422,hazelcast,2452,0.124,7985,405229568,408735744,0-15,492924928,497512448,,False,,,
1785695509.0199642,hazelcast,2452,0.1814,7988,405229568,408735744,0-15,493416448,497512448,,False,,,
1785695510.0207422,hazelcast,2452,0.5054,7993,405139456,408735744,0-15,492802048,497512448,,False,,,
1785695511.0213854,hazelcast,2452,0.2305,7997,405139456,408735744,0-15,492867584,497512448,,False,,,
1785695512.0219657,hazelcast,2452,0.1193,7998,405139456,408735744,0-15,492806144,497512448,,False,,,
1785695513.022535,hazelcast,2452,0.1109,8000,405139456,408735744,0-15,492789760,497512448,,False,,,
1785695514.0231733,hazelcast,2452,0.1205,8002,404869120,408735744,0-15,492437504,497512448,,False,,,
1785695515.0238533,hazelcast,2452,0.1289,8004,404869120,408735744,0-15,492437504,497512448,,False,,,
1785695516.0245152,hazelcast,2452,0.2037,8008,404869120,408735744,0-15,492437504,497512448,,False,,,
1785695517.0253227,hazelcast,2452,0.1106,8010,404869120,408735744,0-15,492437504,497512448,,False,,,
1785695518.0259337,hazelcast,2452,0.1155,8011,404869120,408735744,0-15,492437504,497512448,,False,,,
1785695519.0265229,hazelcast,2452,0.2032,8014,404869120,408735744,0-15,492449792,497512448,,False,,,
1785695520.0272994,hazelcast,2452,0.141,8016,404869120,408735744,0-15,492433408,497512448,,False,,,
1785695521.0281081,hazelcast,2452,0.0949,8018,404869120,408735744,0-15,492433408,497512448,,False,,,
1785695522.0286899,hazelcast,2452,0.1681,8021,404869120,408735744,0-15,492433408,497512448,,False,,,
1785695523.0295417,hazelcast,2452,0.0978,8023,404598784,408735744,0-15,492081152,497512448,,False,,,
1785695524.0302591,hazelcast,2452,0.098,8024,404598784,408735744,0-15,492085248,497512448,,False,,,
1785695525.0309153,hazelcast,2452,0.1195,8026,404598784,408735744,0-15,492081152,497512448,,False,,,
1785695526.0315495,hazelcast,2452,0.1038,8028,404598784,408735744,0-15,492081152,497512448,,False,,,
1785695527.0321705,hazelcast,2452,0.1522,8030,404598784,408735744,0-15,492077056,497512448,,False,,,
1785695528.0330758,hazelcast,2452,0.248,8034,404598784,408735744,0-15,492077056,497512448,,False,,,
1785695529.0336127,hazelcast,2452,0.1716,8037,404598784,408735744,0-15,492081152,497512448,,False,,,
1785695530.0343072,hazelcast,2452,0.1308,8039,404602880,408735744,0-15,492601344,497512448,,False,,,
1785695531.0349157,hazelcast,2452,0.2661,8043,404602880,408735744,0-15,492085248,497512448,,False,,,
1785695532.035714,hazelcast,2452,0.224,8047,404606976,408735744,0-15,492351488,497512448,,False,,,
1785695533.036342,hazelcast,2452,0.1582,8049,404606976,408735744,0-15,492347392,497512448,,False,,,
1785695534.0368562,hazelcast,2452,0.1561,8052,404606976,408735744,0-15,492347392,497512448,,False,,,
1785695535.0379138,hazelcast,2452,0.2004,8055,404619264,408735744,0-15,492351488,497512448,,False,,,
1785695536.038929,hazelcast,2452,0.1465,8057,404619264,408735744,0-15,492355584,497512448,,False,,,
1785695537.039655,hazelcast,2452,0.1123,8059,404619264,408735744,0-15,492101632,497512448,,False,,,
1785695538.0402567,hazelcast,2452,0.115,8061,404619264,408735744,0-15,492363776,497512448,,False,,,
1785695539.0408213,hazelcast,2452,0.1337,8063,404619264,408735744,0-15,492101632,497512448,,False,,,
1785695540.0416374,hazelcast,2452,0.5533,8068,404619264,408735744,0-15,492101632,497512448,,False,,,
1785695541.0422635,hazelcast,2452,0.1154,8070,404619264,408735744,0-15,492101632,497512448,,False,,,
1785695542.0428727,hazelcast,2452,0.1385,8072,404357120,408735744,0-15,491749376,497512448,,False,,,
1785695543.0435066,hazelcast,2452,0.2322,8076,404357120,408735744,0-15,491745280,497512448,,False,,,
1785695544.044138,hazelcast,2452,0.2856,8081,404357120,408735744,0-15,491880448,497512448,,False,,,
1785695545.0448747,hazelcast,2452,0.5136,8089,404357120,408735744,0-15,491970560,497512448,,False,,,
1785695546.0456483,hazelcast,2452,0.209,8092,404357120,408735744,0-15,491925504,497512448,,False,,,
1785695547.0462365,hazelcast,2452,0.1314,8094,404357120,408735744,0-15,491925504,497512448,,False,,,
1785695548.0467772,hazelcast,2452,0.1277,8097,404357120,408735744,0-15,491786240,497512448,,False,,,
1785695549.0473144,hazelcast,2452,0.1013,8098,404357120,408735744,0-15,491769856,497512448,,False,,,
1785695550.0479755,hazelcast,2452,0.1577,8100,404357120,408735744,0-15,491753472,497512448,,False,,,
1785695551.0486016,hazelcast,2452,0.2202,8104,404357120,408735744,0-15,492011520,497512448,,False,,,
1785695552.049522,hazelcast,2452,0.2008,8107,404357120,408735744,0-15,491958272,497512448,,False,,,
