timestamp_unix,target,pid,container_cpu_percent,process_cpu_percent,process_cpu_ticks,vmrss_bytes,vmhwm_bytes,effective_cpu_affinity,cgroup_memory_current_bytes,cgroup_memory_peak_bytes,cgroup_memory_limit_bytes,cgroup_memory_anon_bytes,cgroup_memory_file_bytes,cgroup_memory_slab_bytes,smaps_rollup_rss_bytes,smaps_rollup_pss_anon_bytes,smaps_rollup_pss_file_bytes,process_threads,process_fd_count,jvm_heap_available,jvm_heap_used_bytes,jvm_heap_committed_bytes,jvm_heap_max_bytes,process_minor_faults,process_major_faults,process_read_bytes,process_write_bytes,process_read_syscalls,process_write_syscalls,voluntary_context_switches,nonvoluntary_context_switches,host_net_rx_bytes,host_net_tx_bytes,cgroup_io_read_bytes,cgroup_io_write_bytes,cgroup_memory_reclaim_events,cgroup_memory_oom_events,cgroup_memory_oom_kill_events,psi_memory_some_avg10,psi_memory_some_avg60,psi_memory_some_avg300,psi_memory_some_total,psi_cpu_some_avg10,psi_cpu_some_avg60,psi_cpu_some_avg300,psi_cpu_some_total,psi_io_some_avg10,psi_io_some_avg60,psi_io_some_avg300,psi_io_some_total
1785746198.9928658,hydra,12453,,0.0,0,7696384,7696384,4,71262208,270565376,,18059264,40087552,12161344,7696384,872448,4681728,2,11,False,,,,673,0,0,0,52,2,1,1,3867859343,3867932898,,,,0,0,0.0,0.0,0.0,1300.0,0.15,1.96,2.45,183510539.0,0.0,0.0,0.0,2552623.0
1785746199.9952369,hydra,12453,,20.9885,21,16691200,16691200,4,89436160,270565376,,31752192,40095744,13894584,16691200,9867264,4681728,2,111,False,,,,2870,0,0,0,52,4,1,1,3872902340,3872975761,,,,0,0,0.0,0.0,0.0,1300.0,0.15,1.96,2.45,183916328.0,0.0,0.0,0.0,2552623.0
1785746200.9983678,hydra,12453,,16.988,38,20660224,20660224,4,93511680,270565376,,34783232,40099840,14011832,20660224,13836288,4682752,2,111,False,,,,3838,0,0,0,52,6,1,1,3877112440,3877185795,,,,0,0,0.0,0.0,0.0,1300.0,5.19,2.81,2.62,184301248.0,0.0,0.0,0.0,2552623.0
1785746202.0022967,hydra,12453,,13.9944,52,20660224,20660224,4,93573120,270565376,,35000320,40103936,14015416,20660224,13836288,4682752,2,111,False,,,,3838,0,0,0,52,6,1,1,3880499394,3880572721,,,,0,0,0.0,0.0,0.0,1300.0,5.19,2.81,2.62,184726237.0,0.0,0.0,0.0,2552623.0
1785746203.0048575,hydra,12453,,10.9946,63,20660224,20660224,4,76980224,270565376,,23482368,40103936,12321584,20660224,13836288,4700160,2,11,False,,,,3838,0,0,0,52,6,1,1,3883605674,3883679091,,,,0,0,0.0,0.0,0.0,1300.0,11.5,4.03,2.88,185141085.0,0.0,0.0,0.0,2552623.0
1785746204.0063767,hydra,12453,,0.0,63,20660224,20660224,4,77242368,270565376,,23572480,40103936,12322120,20660224,13836288,4700160,2,11,False,,,,3838,0,0,0,52,6,1,1,3883605674,3883679091,,,,0,0,0.0,0.0,0.0,1300.0,11.5,4.03,2.88,185141382.0,0.0,0.0,0.0,2552623.0
1785746205.0083597,hydra,12453,,0.0,63,20660224,20660224,4,77242368,270565376,,23572480,40108032,12322120,20660224,13836288,4700160,2,11,False,,,,3838,0,0,0,52,6,1,1,3883605674,3883679091,,,,0,0,0.0,0.0,0.0,1300.0,11.41,4.26,2.94,185141689.0,0.0,0.0,0.0,2563182.0
1785746206.0103323,hydra,12453,,0.0,63,20660224,20660224,4,77185024,270565376,,23576576,40108032,12319024,20660224,13836288,4700160,2,11,False,,,,3838,0,0,0,52,6,1,1,3883605792,3883679181,,,,0,0,0.0,0.0,0.0,1300.0,11.41,4.26,2.94,185141958.0,0.0,0.0,0.0,2563182.0
1785746207.0123198,hydra,12453,,0.0,63,20660224,20660224,4,77185024,270565376,,23580672,40112128,12319024,20660224,13836288,4700160,2,11,False,,,,3838,0,0,0,52,6,1,1,3883605858,3883679271,,,,0,0,0.0,0.0,0.0,1300.0,9.34,4.12,2.92,185141978.0,0.0,0.0,0.0,2563182.0
1785746208.0140545,hydra,12453,,0.0,63,20660224,20660224,4,77185024,270565376,,23588864,40112128,12319024,20660224,13836288,4700160,2,11,False,,,,3838,0,0,0,52,6,1,1,3883605858,3883679271,,,,0,0,0.0,0.0,0.0,1300.0,9.34,4.12,2.92,185142053.0,0.0,0.0,0.0,2563182.0
1785746209.01576,hydra,12453,,0.0,63,20660224,20660224,4,77185024,270565376,,23592960,40112128,12319024,20660224,13836288,4700160,2,11,False,,,,3838,0,0,0,52,6,1,1,3883605976,3883679361,,,,0,0,0.0,0.0,0.0,1300.0,7.64,3.98,2.9,185142063.0,0.0,0.0,0.0,2563182.0
1785746210.0172448,hydra,12453,,0.0,63,20660224,20660224,4,77139968,270565376,,23601152,40116224,12316528,20660224,13836288,4700160,2,11,False,,,,3838,0,0,0,52,6,1,1,3883605976,3883679451,,,,0,0,0.0,0.0,0.0,1300.0,7.64,3.98,2.9,185142237.0,0.0,0.0,0.0,2565604.0
1785746211.0192518,hydra,12453,,0.0,63,20660224,20660224,4,77139968,270565376,,23605248,40120320,12316528,20660224,13836288,4700160,2,11,False,,,,3838,0,0,0,52,6,1,1,3883605976,3883679451,,,,0,0,0.0,0.0,0.0,1300.0,6.26,3.85,2.88,185142247.0,0.0,0.0,0.0,2565604.0
1785746212.0207562,hydra,12453,,0.0,63,20660224,20660224,4,76947456,270565376,,23609344,40120320,12307248,20660224,13836288,4700160,2,11,False,,,,3838,0,0,0,52,6,1,1,3883605976,3883679451,,,,0,0,0.0,0.0,0.0,1300.0,6.26,3.85,2.88,185142523.0,0.0,0.0,0.0,2565604.0
1785746213.0222435,hydra,12453,,0.0,63,20660224,20660224,4,76947456,270565376,,23609344,40124416,12307248,20660224,13836288,4700160,2,11,False,,,,3838,0,0,0,52,6,1,1,3883605976,3883679451,,,,0,0,0.0,0.0,0.0,1300.0,5.12,3.73,2.86,185142530.0,0.0,0.0,0.0,2565604.0
1785746214.0242198,hydra,12453,,0.0,63,20660224,20660224,4,76947456,270565376,,23613440,40124416,12307248,20660224,13836288,4700160,2,11,False,,,,3838,0,0,0,52,6,1,1,3883606094,3883679541,,,,0,0,0.0,0.0,0.0,1300.0,5.12,3.73,2.86,185142602.0,0.0,0.0,0.0,2565604.0
1785746215.025735,hydra,12453,,0.0,63,20660224,20660224,4,76947456,270565376,,23613440,40128512,12307248,20660224,13836288,4700160,2,11,False,,,,3838,0,0,0,52,6,1,1,3883606094,3883679631,,,,0,0,0.0,0.0,0.0,1300.0,4.19,3.6,2.84,185142671.0,0.0,0.0,0.0,2565604.0
1785746216.0273018,hydra,12453,,0.0,63,20660224,20660224,4,76947456,270565376,,23613440,40128512,12286168,20660224,13836288,4700160,2,11,False,,,,3838,0,0,0,52,6,1,1,3883606094,3883679631,,,,0,0,0.0,0.0,0.0,1300.0,4.19,3.6,2.84,185142910.0,0.0,0.0,0.0,2568567.0
1785746217.0289693,hydra,12453,,0.0,63,20660224,20660224,4,76947456,270565376,,23621632,40128512,12286168,20660224,13836288,4700160,2,11,False,,,,3838,0,0,0,52,6,1,1,3883606212,3883679721,,,,0,0,0.0,0.0,0.0,1300.0,3.43,3.49,2.82,185142946.0,0.0,0.0,0.0,2568567.0
1785746218.0304332,hydra,12453,,0.0,63,20660224,20660224,4,76947456,270565376,,23621632,40132608,12286168,20660224,13836288,4700160,2,11,False,,,,3838,0,0,0,52,6,1,1,3883606212,3883679811,,,,0,0,0.0,0.0,0.0,1300.0,3.43,3.49,2.82,185142977.0,0.0,0.0,0.0,2568567.0
1785746219.032282,hydra,12453,,0.0,63,20660224,20660224,4,76947456,270565376,,23621632,40132608,12286168,20660224,13836288,4700160,2,11,False,,,,3838,0,0,0,52,6,1,1,3883606212,3883679811,,,,0,0,0.0,0.0,0.0,1300.0,2.81,3.37,2.8,185143001.0,0.0,0.0,0.0,2568567.0
1785746220.0337598,hydra,12453,,0.0,63,20660224,20660224,4,76947456,270565376,,23621632,40136704,12286168,20660224,13836288,4700160,2,11,False,,,,3838,0,0,0,52,6,1,1,3883606212,3883679811,,,,0,0,0.0,0.0,0.0,1300.0,2.81,3.37,2.8,185143042.0,0.0,0.0,0.0,2568567.0
1785746221.035726,hydra,12453,,0.0,63,20660224,20660224,4,76947456,270565376,,23625728,40136704,12286168,20660224,13836288,4700160,2,11,False,,,,3838,0,0,0,52,6,1,1,3883606212,3883679811,,,,0,0,0.0,0.0,0.0,1300.0,2.3,3.26,2.78,185143293.0,0.0,0.0,0.0,2568567.0
1785746222.0372157,hydra,12453,,0.0,63,20660224,20660224,4,76947456,270565376,,23625728,40136704,12286168,20660224,13836288,4700160,2,11,False,,,,3838,0,0,0,52,6,1,1,3883606330,3883679901,,,,0,0,0.0,0.0,0.0,1300.0,2.3,3.26,2.78,185143345.0,0.0,0.0,0.0,2568567.0
1785746223.038951,hydra,12453,,0.0,63,20660224,20660224,4,76947456,270565376,,23625728,40140800,12286168,20660224,13836288,4700160,2,11,False,,,,3838,0,0,0,52,6,1,1,3883606330,3883679991,,,,0,0,0.0,0.0,0.0,1300.0,1.88,3.15,2.76,185143369.0,0.0,0.0,0.0,2568567.0
1785746224.0404458,hydra,12453,,0.0,63,20660224,20660224,4,76947456,270565376,,23629824,40140800,12286168,20660224,13836288,4700160,2,11,False,,,,3838,0,0,0,52,6,1,1,3883606330,3883679991,,,,0,0,0.0,0.0,0.0,1300.0,1.88,3.15,2.76,185143630.0,0.0,0.0,0.0,2568567.0
1785746225.0422745,hydra,12453,,0.0,63,20660224,20660224,4,76947456,270565376,,23629824,40140800,12286168,20660224,13836288,4700160,2,11,False,,,,3838,0,0,0,52,6,1,1,3883606508,3883680081,,,,0,0,0.0,0.0,0.0,1300.0,1.54,3.05,2.74,185143639.0,0.0,0.0,0.0,2568567.0
1785746226.0437865,hydra,12453,,0.0,63,20660224,20660224,4,76947456,270565376,,23633920,40148992,12286168,20660224,13836288,4700160,2,11,False,,,,3838,0,0,0,52,6,1,1,3883606508,3883680171,,,,0,0,0.0,0.0,0.0,1300.0,1.54,3.05,2.74,185143671.0,0.0,0.0,0.0,2568567.0
1785746227.0452707,hydra,12453,,0.0,63,20660224,20660224,4,76947456,270565376,,23633920,40148992,12286168,20660224,13836288,4700160,2,11,False,,,,3838,0,0,0,52,6,1,1,3883606508,3883680171,,,,0,0,0.0,0.0,0.0,1300.0,1.26,2.95,2.72,185143709.0,0.0,0.0,0.0,2568567.0
1785746228.047011,hydra,12453,,0.0,63,20660224,20660224,4,76947456,270565376,,23633920,40153088,12286168,20660224,13836288,4700160,2,11,False,,,,3838,0,0,0,52,6,1,1,3883606686,3883680261,,,,0,0,0.0,0.0,0.0,1300.0,1.26,2.95,2.72,185143743.0,0.0,0.0,0.0,2568567.0
1785746229.048555,hydra,12453,,0.0,63,20660224,20660224,4,76947456,270565376,,23633920,40153088,12286168,20660224,13836288,4700160,2,11,False,,,,3838,0,0,0,52,6,1,1,3883606686,3883680351,,,,0,0,0.0,0.0,0.0,1300.0,1.03,2.85,2.7,185143763.0,0.0,0.0,0.0,2568567.0
1785746230.0500371,hydra,12453,,0.0,63,20660224,20660224,4,76947456,270565376,,23633920,40153088,12286168,20660224,13836288,4700160,2,11,False,,,,3838,0,0,0,52,6,1,1,3883606686,3883680351,,,,0,0,0.0,0.0,0.0,1300.0,1.03,2.85,2.7,185143893.0,0.0,0.0,0.0,2568567.0
1785746231.0518513,hydra,12453,,0.0,63,20660224,20660224,4,76947456,270565376,,23633920,40157184,12286168,20660224,13836288,4700160,2,11,False,,,,3838,0,0,0,52,6,1,1,3883606686,3883680351,,,,0,0,0.0,0.0,0.0,1300.0,0.84,2.76,2.68,185144038.0,0.0,0.0,0.0,2570951.0
1785746232.0537739,hydra,12453,,0.0,63,20660224,20660224,4,76947456,270565376,,23633920,40157184,12281936,20660224,13836288,4700160,2,11,False,,,,3838,0,0,0,52,6,1,1,3883606804,3883680441,,,,0,0,0.0,0.0,0.0,1300.0,0.84,2.76,2.68,185144093.0,0.0,0.0,0.0,2570951.0
1785746233.0557802,hydra,12453,,0.0,63,20660224,20660224,4,76947456,270565376,,23633920,40161280,12286168,20660224,13836288,4700160,2,11,False,,,,3838,0,0,0,52,6,1,1,3883606804,3883680531,,,,0,0,0.0,0.0,0.0,1300.0,0.69,2.67,2.66,185144119.0,0.0,0.0,0.0,2570951.0
1785746234.0577104,hydra,12453,,0.0,63,20660224,20660224,4,76947456,270565376,,23638016,40161280,12286168,20660224,13836288,4700160,2,11,False,,,,3838,0,0,0,52,6,1,1,3883606804,3883680531,,,,0,0,0.0,0.0,0.0,1300.0,0.69,2.67,2.66,185144165.0,0.0,0.0,0.0,2570951.0
1785746235.0591779,hydra,12453,,0.0,63,20660224,20660224,4,76947456,270565376,,23638016,40161280,12286168,20660224,13836288,4700160,2,11,False,,,,3838,0,0,0,52,6,1,1,3883606804,3883680531,,,,0,0,0.0,0.0,0.0,1300.0,0.56,2.58,2.65,185144203.0,0.0,0.0,0.0,2570951.0
1785746236.060705,hydra,12453,,0.0,63,20660224,20660224,4,76947456,270565376,,23642112,40165376,12286168,20660224,13836288,4700160,2,11,False,,,,3838,0,0,0,52,6,1,1,3883606804,3883680531,,,,0,0,0.0,0.0,0.0,1300.0,0.56,2.58,2.65,185144287.0,0.0,0.0,0.0,2570951.0
1785746237.0622103,hydra,12453,,0.0,63,20660224,20660224,4,76947456,270565376,,23642112,40165376,12286168,20660224,13836288,4700160,2,11,False,,,,3838,0,0,0,52,6,1,1,3883606922,3883680711,,,,0,0,0.0,0.0,0.0,1300.0,0.46,2.5,2.63,185144334.0,0.0,0.0,0.0,2570951.0
1785746238.0640287,hydra,12453,,0.0,63,20660224,20660224,4,76947456,270565376,,23642112,40165376,12286168,20660224,13836288,4700160,2,11,False,,,,3838,0,0,0,52,6,1,1,3883606922,3883680711,,,,0,0,0.0,0.0,0.0,1300.0,0.46,2.5,2.63,185144364.0,0.0,0.0,0.0,2570951.0
1785746239.0658824,hydra,12453,,0.0,63,20660224,20660224,4,76947456,270565376,,23642112,40169472,12286168,20660224,13836288,4700160,2,11,False,,,,3838,0,0,0,52,6,1,1,3883606922,3883680711,,,,0,0,0.0,0.0,0.0,1300.0,0.37,2.41,2.61,185144387.0,0.0,0.0,0.0,2570951.0
1785746240.0674517,hydra,12453,,0.0,63,20660224,20660224,4,76947456,270565376,,23642112,40169472,12286168,20660224,13836288,4700160,2,11,False,,,,3838,0,0,0,52,6,1,1,3883606922,3883680711,,,,0,0,0.0,0.0,0.0,1300.0,0.37,2.41,2.61,185144472.0,0.0,0.0,0.0,2570951.0
1785746241.0689797,hydra,12453,,0.0,63,20660224,20660224,4,76947456,270565376,,23642112,40173568,12286168,20660224,13836288,4700160,2,11,False,,,,3838,0,0,0,52,6,1,1,3883606922,3883680711,,,,0,0,0.0,0.0,0.0,1300.0,0.31,2.33,2.59,185144527.0,0.0,0.0,0.0,2570951.0
1785746242.0709665,hydra,12453,,0.0,63,20660224,20660224,4,76947456,270565376,,23642112,40177664,12286168,20660224,13836288,4700160,2,11,False,,,,3838,0,0,0,52,6,1,1,3883607234,3883680801,,,,0,0,0.0,0.0,0.0,1300.0,0.31,2.33,2.59,185144578.0,0.0,0.0,0.0,2570951.0
1785746243.0724328,hydra,12453,,0.0,63,20660224,20660224,4,76947456,270565376,,23642112,40177664,12286168,20660224,13836288,4700160,2,11,False,,,,3838,0,0,0,52,6,1,1,3883607234,3883680891,,,,0,0,0.0,0.0,0.0,1300.0,0.25,2.26,2.57,185144601.0,0.0,0.0,0.0,2570951.0
1785746244.0739713,hydra,12453,,0.0,63,20660224,20660224,4,77053952,270565376,,23642112,40181760,12286760,20660224,13836288,4700160,2,11,False,,,,3838,0,0,0,52,6,1,1,3883607234,3883680891,,,,0,0,0.0,0.0,0.0,1300.0,0.25,2.26,2.57,185144670.0,0.0,0.0,0.0,2570951.0
1785746245.0758414,hydra,12453,,0.0,63,20660224,20660224,4,77053952,270565376,,23642112,40181760,12286760,20660224,13836288,4700160,2,11,False,,,,3838,0,0,0,52,6,1,1,3883607234,3883680891,,,,0,0,0.0,0.0,0.0,1300.0,0.2,2.18,2.55,185144712.0,0.0,0.0,0.0,2570951.0
1785746246.077359,hydra,12453,,0.0,63,20660224,20660224,4,77053952,270565376,,23642112,40185856,12286760,20660224,13836288,4700160,2,11,False,,,,3838,0,0,0,52,6,1,1,3883607352,3883680981,,,,0,0,0.0,0.0,0.0,1300.0,0.2,2.18,2.55,185145005.0,0.0,0.0,0.0,2570951.0
1785746247.078828,hydra,12453,,0.0,63,20660224,20660224,4,77053952,270565376,,23642112,40185856,12286760,20660224,13836288,4700160,2,11,False,,,,3838,0,0,0,52,6,1,1,3883607418,3883681071,,,,0,0,0.0,0.0,0.0,1300.0,0.16,2.11,2.54,185145116.0,0.0,0.0,0.0,2570951.0
